{
    "0": {
        "precision": 0.6612903225806451,
        "recall": 0.6833333333333333,
        "f1-score": 0.6721311475409836,
        "support": 120.0
    },
    "1": {
        "precision": 0.6885245901639344,
        "recall": 0.6666666666666666,
        "f1-score": 0.6774193548387096,
        "support": 126.0
    },
    "accuracy": 0.6747967479674797,
    "macro avg": {
        "precision": 0.6749074563722898,
        "recall": 0.675,
        "f1-score": 0.6747752511898466,
        "support": 246.0
    },
    "weighted avg": {
        "precision": 0.67523958158672,
        "recall": 0.6747967479674797,
        "f1-score": 0.6748397415227457,
        "support": 246.0
    }
}