{
    "0": {
        "precision": 0.7297297297297297,
        "recall": 0.675,
        "f1-score": 0.7012987012987013,
        "support": 120.0
    },
    "1": {
        "precision": 0.7111111111111111,
        "recall": 0.7619047619047619,
        "f1-score": 0.735632183908046,
        "support": 126.0
    },
    "accuracy": 0.7195121951219512,
    "macro avg": {
        "precision": 0.7204204204204204,
        "recall": 0.718452380952381,
        "f1-score": 0.7184654426033736,
        "support": 246.0
    },
    "weighted avg": {
        "precision": 0.7201933640958031,
        "recall": 0.7195121951219512,
        "f1-score": 0.7188841436108048,
        "support": 246.0
    }
}