{
    "0": {
        "precision": 0.6910569105691057,
        "recall": 0.7083333333333334,
        "f1-score": 0.6995884773662552,
        "support": 120.0
    },
    "1": {
        "precision": 0.7154471544715447,
        "recall": 0.6984126984126984,
        "f1-score": 0.7068273092369478,
        "support": 126.0
    },
    "accuracy": 0.7032520325203252,
    "macro avg": {
        "precision": 0.7032520325203252,
        "recall": 0.7033730158730158,
        "f1-score": 0.7032078933016015,
        "support": 246.0
    },
    "weighted avg": {
        "precision": 0.7035494745191354,
        "recall": 0.7032520325203252,
        "f1-score": 0.7032961717390489,
        "support": 246.0
    }
}