{
    "0": {
        "precision": 0.7304347826086957,
        "recall": 0.7,
        "f1-score": 0.7148936170212766,
        "support": 120.0
    },
    "1": {
        "precision": 0.7251908396946565,
        "recall": 0.753968253968254,
        "f1-score": 0.7392996108949417,
        "support": 126.0
    },
    "accuracy": 0.7276422764227642,
    "macro avg": {
        "precision": 0.7278128111516761,
        "recall": 0.726984126984127,
        "f1-score": 0.7270966139581092,
        "support": 246.0
    },
    "weighted avg": {
        "precision": 0.7277488606283341,
        "recall": 0.7276422764227642,
        "f1-score": 0.7273942480297392,
        "support": 246.0
    }
}