{
    "0": {
        "precision": 0.5984848484848485,
        "recall": 0.6583333333333333,
        "f1-score": 0.626984126984127,
        "support": 120.0
    },
    "1": {
        "precision": 0.6403508771929824,
        "recall": 0.5793650793650794,
        "f1-score": 0.6083333333333333,
        "support": 126.0
    },
    "accuracy": 0.6178861788617886,
    "macro avg": {
        "precision": 0.6194178628389155,
        "recall": 0.6188492063492064,
        "f1-score": 0.6176587301587302,
        "support": 246.0
    },
    "weighted avg": {
        "precision": 0.6199284241646245,
        "recall": 0.6178861788617886,
        "f1-score": 0.6174312814556716,
        "support": 246.0
    }
}