{
    "0": {
        "precision": 0.7058823529411765,
        "recall": 0.7,
        "f1-score": 0.702928870292887,
        "support": 120.0
    },
    "1": {
        "precision": 0.7165354330708661,
        "recall": 0.7222222222222222,
        "f1-score": 0.7193675889328063,
        "support": 126.0
    },
    "accuracy": 0.7113821138211383,
    "macro avg": {
        "precision": 0.7112088930060213,
        "recall": 0.711111111111111,
        "f1-score": 0.7111482296128466,
        "support": 246.0
    },
    "weighted avg": {
        "precision": 0.711338808617359,
        "recall": 0.7113821138211383,
        "f1-score": 0.7113487017913822,
        "support": 246.0
    }
}