{
    "0": {
        "precision": 0.711864406779661,
        "recall": 0.7,
        "f1-score": 0.7058823529411765,
        "support": 120.0
    },
    "1": {
        "precision": 0.71875,
        "recall": 0.7301587301587301,
        "f1-score": 0.7244094488188977,
        "support": 126.0
    },
    "accuracy": 0.7154471544715447,
    "macro avg": {
        "precision": 0.7153072033898304,
        "recall": 0.715079365079365,
        "f1-score": 0.7151459008800372,
        "support": 246.0
    },
    "weighted avg": {
        "precision": 0.715391174038859,
        "recall": 0.7154471544715447,
        "f1-score": 0.7153718410736679,
        "support": 246.0
    }
}