{
    "0": {
        "precision": 0.5916666666666667,
        "recall": 0.5916666666666667,
        "f1-score": 0.5916666666666667,
        "support": 120.0
    },
    "1": {
        "precision": 0.6111111111111112,
        "recall": 0.6111111111111112,
        "f1-score": 0.6111111111111112,
        "support": 126.0
    },
    "accuracy": 0.6016260162601627,
    "macro avg": {
        "precision": 0.601388888888889,
        "recall": 0.601388888888889,
        "f1-score": 0.601388888888889,
        "support": 246.0
    },
    "weighted avg": {
        "precision": 0.6016260162601627,
        "recall": 0.6016260162601627,
        "f1-score": 0.6016260162601627,
        "support": 246.0
    }
}