{
    "0": {
        "precision": 0.6466165413533834,
        "recall": 0.7166666666666667,
        "f1-score": 0.6798418972332015,
        "support": 120.0
    },
    "1": {
        "precision": 0.6991150442477876,
        "recall": 0.626984126984127,
        "f1-score": 0.6610878661087866,
        "support": 126.0
    },
    "accuracy": 0.6707317073170732,
    "macro avg": {
        "precision": 0.6728657928005854,
        "recall": 0.6718253968253969,
        "f1-score": 0.670464881670994,
        "support": 246.0
    },
    "weighted avg": {
        "precision": 0.6735060184456392,
        "recall": 0.6707317073170732,
        "f1-score": 0.6702361739743548,
        "support": 246.0
    }
}