{
    "0": {
        "precision": 0.6554621848739496,
        "recall": 0.65,
        "f1-score": 0.6527196652719666,
        "support": 120.0
    },
    "1": {
        "precision": 0.6692913385826772,
        "recall": 0.6746031746031746,
        "f1-score": 0.6719367588932806,
        "support": 126.0
    },
    "accuracy": 0.6626016260162602,
    "macro avg": {
        "precision": 0.6623767617283134,
        "recall": 0.6623015873015874,
        "f1-score": 0.6623282120826236,
        "support": 246.0
    },
    "weighted avg": {
        "precision": 0.6625454099442736,
        "recall": 0.6626016260162602,
        "f1-score": 0.6625625668828835,
        "support": 246.0
    }
}