{
    "0": {
        "precision": 0.7363636363636363,
        "recall": 0.675,
        "f1-score": 0.7043478260869566,
        "support": 120.0
    },
    "1": {
        "precision": 0.7132352941176471,
        "recall": 0.7698412698412699,
        "f1-score": 0.7404580152671756,
        "support": 126.0
    },
    "accuracy": 0.7235772357723578,
    "macro avg": {
        "precision": 0.7247994652406418,
        "recall": 0.722420634920635,
        "f1-score": 0.7224029206770661,
        "support": 246.0
    },
    "weighted avg": {
        "precision": 0.7245174122864224,
        "recall": 0.7235772357723578,
        "f1-score": 0.7228432888378005,
        "support": 246.0
    }
}